name,url
秘密访客,https://movie.douban.com/subject/30378158/
你的婚礼,https://movie.douban.com/subject/34973399/
悬崖之上,https://movie.douban.com/subject/32493124/
我的姐姐,https://movie.douban.com/subject/35158160/
进击的巨人 最终季 / 進撃の巨人 The Final Season,https://movie.douban.com/subject/33440021/
猎鹰与冬兵 / The Falcon and the Winter Soldier,https://movie.douban.com/subject/30367642/
波斯语课 / Persischstunden,https://movie.douban.com/subject/30466931/
扎克·施奈德版正义联盟 / Zack Snyder's Justice League,https://movie.douban.com/subject/35076714/
少林寺之得宝传奇,https://movie.douban.com/subject/35295915/
唐人街探案3,https://movie.douban.com/subject/27619748/
刺杀小说家,https://movie.douban.com/subject/26826330/
你好，李焕英,https://movie.douban.com/subject/34841067/
人潮汹涌,https://movie.douban.com/subject/34880302/
哥斯拉大战金刚 / Godzilla vs Kong,https://movie.douban.com/subject/26613692/
蛛丝马迹 / The Little Things,https://movie.douban.com/subject/30489388/
大侠卢小鱼之夕阳红战队,https://movie.douban.com/subject/33447375/
酒精计划 / Druk,https://movie.douban.com/subject/30323120/
旺达幻视 / WandaVision,https://movie.douban.com/subject/30331433/
女人的碎片 / Pieces of a Woman,https://movie.douban.com/subject/34869387/
无依之地 / Nomadland,https://movie.douban.com/subject/30458949/
2020去死 / Death to 2020,https://movie.douban.com/subject/35275115/
送你一朵小红花,https://movie.douban.com/subject/35096844/
温暖的抱抱,https://movie.douban.com/subject/34869362/
心灵奇旅 / Soul,https://movie.douban.com/subject/24733428/
拆弹专家2,https://movie.douban.com/subject/30171424/
刻在你心底的名字,https://movie.douban.com/subject/33408026/
紧急救援,https://movie.douban.com/subject/26342391/
曼克 / Mank,https://movie.douban.com/subject/34461705/
电话 / 콜,https://movie.douban.com/subject/30346025/
鬼灭之刃 剧场版 无限列车篇 / 劇場版「鬼滅の刃」無限列車編,https://movie.douban.com/subject/34845781/
消失的情人节 / 消失的情人節,https://movie.douban.com/subject/35154957/
同步 / Synchronic,https://movie.douban.com/subject/30328589/
无声 / 소리도 없이,https://movie.douban.com/subject/33591810/
后翼弃兵 / The Queen's Gambit,https://movie.douban.com/subject/32579283/
曼达洛人 第二季 / The Mandalorian Season 2,https://movie.douban.com/subject/34892527/
触礁 / On the Rocks,https://movie.douban.com/subject/30432861/
我和我的家乡,https://movie.douban.com/subject/35051512/
一点就到家,https://movie.douban.com/subject/35069506/
急先锋,https://movie.douban.com/subject/27195078/
姜子牙,https://movie.douban.com/subject/25907124/
神弃之地 / The Devil All the Time,https://movie.douban.com/subject/27194336/
夺冠,https://movie.douban.com/subject/30128916/
异星灾变 第一季 / Raised by Wolves Season 1,https://movie.douban.com/subject/30345691/
我想结束这一切 / I'm Thinking of Ending Things,https://movie.douban.com/subject/30129061/
花木兰 / Mulan,https://movie.douban.com/subject/26357307/
以家人之名,https://movie.douban.com/subject/34463476/
八佰,https://movie.douban.com/subject/26754233/
北平会馆,https://movie.douban.com/subject/34892990/
#活着 / #살아있다,https://movie.douban.com/subject/34462775/
釜山行2：半岛 / 부산행2-반도,https://movie.douban.com/subject/30299515/
汉密尔顿 / Hamilton,https://movie.douban.com/subject/34961898/
永生守卫 / The Old Guard,https://movie.douban.com/subject/27009869/
隐秘的角落,https://movie.douban.com/subject/33404425/
暗黑 第三季 / Dark Season 3,https://movie.douban.com/subject/34442364/
誓血五人组 / Da 5 Bloods,https://movie.douban.com/subject/30425206/
亲爱的没想到吧,https://movie.douban.com/subject/34968941/
普罗米修斯 / Prometheus,https://movie.douban.com/subject/3771562/
真心半解 / The Half of It,https://movie.douban.com/subject/33420285/
蜂鸟 / 벌새,https://movie.douban.com/subject/30318230/
惊天营救 / Extraction,https://movie.douban.com/subject/30314127/
从不，很少，有时，总是 / Never Rarely Sometimes Always,https://movie.douban.com/subject/33411505/
悲惨世界 / Les Misérables,https://movie.douban.com/subject/33417030/
环形物语 / Tales from the Loop,https://movie.douban.com/subject/30277286/
从宫本到你 / 宮本から君へ,https://movie.douban.com/subject/30426519/
狩猎 / The Hunt,https://movie.douban.com/subject/30182726/
饥饿站台 / El hoyo,https://movie.douban.com/subject/34805219/
王国 第二季 / 킹덤 Season 2,https://movie.douban.com/subject/30306401/
我控诉 / J'accuse,https://movie.douban.com/subject/10745208/
喋血战士 / Bloodshot,https://movie.douban.com/subject/4830483/
格蕾特和韩塞尔 / Gretel & Hansel,https://movie.douban.com/subject/34807058/
绅士们 / The Gentlemen,https://movie.douban.com/subject/30211998/
列夫·朗道：娜塔莎 / DAU. Natasha,https://movie.douban.com/subject/34960201/
隐形人 / The Invisible Man,https://movie.douban.com/subject/2364086/
刺猬索尼克 / Sonic the Hedgehog,https://movie.douban.com/subject/25905044/
想见你 / 想見你,https://movie.douban.com/subject/30468961/
第92届奥斯卡颁奖典礼 / The 92nd Annual Academy Awards,https://movie.douban.com/subject/34453138/
猛禽小队和哈莉·奎茵 / Birds of Prey: And the Fantabulous Emancipation of One Harley Quinn,https://movie.douban.com/subject/30160393/
囧妈,https://movie.douban.com/subject/30306570/
多力特的奇幻冒险 / Dolittle,https://movie.douban.com/subject/27000981/
唐人街探案,https://movie.douban.com/subject/30354606/
信条 / Tenet,https://movie.douban.com/subject/30444960/
误杀,https://movie.douban.com/subject/30176393/
1917,https://movie.douban.com/subject/30252495/
朱迪 / Judy,https://movie.douban.com/subject/27179039/
理查德·朱维尔的哀歌 / Richard Jewell,https://movie.douban.com/subject/25842038/
纽约的一个雨天 / A Rainy Day in New York,https://movie.douban.com/subject/27089612/
原钻 / Uncut Gems,https://movie.douban.com/subject/27045860/
灯塔 / The Lighthouse,https://movie.douban.com/subject/30143336/
乔乔的异想世界 / Jojo Rabbit,https://movie.douban.com/subject/30170546/
叶问4：完结篇 / 葉問4：完結篇,https://movie.douban.com/subject/26885074/
猫 / Cats,https://movie.douban.com/subject/26787585/
星球大战9：天行者崛起 / Star Wars: The Rise of Skywalker,https://movie.douban.com/subject/22265687/
神奇女侠1984 / Wonder Woman 1984,https://movie.douban.com/subject/27073752/
黑寡妇 / Black Widow,https://movie.douban.com/subject/25828589/
婚姻故事 / Marriage Story,https://movie.douban.com/subject/27202818/
勇敢者游戏2：再战巅峰 / Jumanji: The Next Level,https://movie.douban.com/subject/30128985/
爱尔兰人 / The Irishman,https://movie.douban.com/subject/6981153/
热带雨,https://movie.douban.com/subject/30371819/
两只老虎,https://movie.douban.com/subject/30196805/
利刃出鞘 / Knives Out,https://movie.douban.com/subject/30318116/
地久天长,https://movie.douban.com/subject/26715636/
冰雪奇缘2 / Frozen II,https://movie.douban.com/subject/25887288/
曼达洛人 第一季 / The Mandalorian Season 1,https://movie.douban.com/subject/30344167/
别告诉她 / The Farewell,https://movie.douban.com/subject/30390144/
极速车王 / Ford v Ferrari,https://movie.douban.com/subject/6538866/
受益人,https://movie.douban.com/subject/30299311/
睡梦医生 / Doctor Sleep,https://movie.douban.com/subject/25932065/
决战中途岛 / Midway,https://movie.douban.com/subject/26786669/
闪灵 / The Shining,https://movie.douban.com/subject/1292225/
少年的你,https://movie.douban.com/subject/30166972/
终结者：黑暗命运 / Terminator: Dark Fate,https://movie.douban.com/subject/27109633/
守望者 / Watchmen,https://movie.douban.com/subject/1972698/
沉睡魔咒2 / Maleficent: Mistress of Evil,https://movie.douban.com/subject/26426056/
断裂 / Fractured,https://movie.douban.com/subject/30366084/
双子杀手 / Gemini Man,https://movie.douban.com/subject/3097572/
我和我的祖国,https://movie.douban.com/subject/32659890/
续命之徒：绝命毒师电影 / El Camino: A Breaking Bad Movie,https://movie.douban.com/subject/30372377/
月影杀痕 / In the Shadow of the Moon,https://movie.douban.com/subject/30151474/
蝙蝠侠：黑暗骑士 / The Dark Knight,https://movie.douban.com/subject/1851857/
第一滴血5：最后的血 / Rambo: Last Blood,https://movie.douban.com/subject/10546436/
星际探索 / Ad Astra,https://movie.douban.com/subject/24716039/
诛仙1 / 诛仙 Ⅰ,https://movie.douban.com/subject/25779217/
天气之子 / 天気の子,https://movie.douban.com/subject/30402296/
安娜 / Anna,https://movie.douban.com/subject/27166976/
罗小黑战记,https://movie.douban.com/subject/26709258/
我们与恶的距离 / 我們與惡的距離,https://movie.douban.com/subject/30181230/
小丑回魂2 / It: Chapter Two,https://movie.douban.com/subject/27133569/
美国工厂 / American Factory,https://movie.douban.com/subject/30390700/
小丑 / Joker,https://movie.douban.com/subject/27119724/
小欢喜,https://movie.douban.com/subject/26946624/
准备好了没 / Ready or Not,https://movie.douban.com/subject/27594938/
天使陷落 / Angel Has Fallen,https://movie.douban.com/subject/26900949/
好莱坞往事 / Once Upon a Time... in Hollywood,https://movie.douban.com/subject/27087724/
上海堡垒,https://movie.douban.com/subject/26581837/
死寂逃亡 / The Silence,https://movie.douban.com/subject/27050133/
黑袍纠察队 第一季 / The Boys Season 1,https://movie.douban.com/subject/3703650/
烈火英雄,https://movie.douban.com/subject/30221757/
速度与激情：特别行动 / Fast & Furious Presents: Hobbs & Shaw,https://movie.douban.com/subject/27163278/
哪吒之魔童降世,https://movie.douban.com/subject/26794435/
跳舞吧！大象,https://movie.douban.com/subject/30259043/
无主之城,https://movie.douban.com/subject/30191989/
银河补习班,https://movie.douban.com/subject/30282387/
巨鳄风暴 / Crawl,https://movie.douban.com/subject/30210700/
遗落战境 / Oblivion,https://movie.douban.com/subject/3895511/
狮子王 / The Lion King,https://movie.douban.com/subject/26884354/
寄生虫 / 기생충,https://movie.douban.com/subject/27010768/
蜘蛛侠：英雄远征 / Spider-Man: Far from Home,https://movie.douban.com/subject/26931786/
玩具总动员4 / Toy Story 4,https://movie.douban.com/subject/6850547/
痛苦与荣耀 / Dolor y gloria,https://movie.douban.com/subject/30198539/
春潮,https://movie.douban.com/subject/27186348/
黑衣人：全球追缉 / Men in Black International,https://movie.douban.com/subject/19971676/
切尔诺贝利 / Chernobyl,https://movie.douban.com/subject/27098632/
X战警：黑凤凰 / Dark Phoenix,https://movie.douban.com/subject/26667010/
哥斯拉2：怪兽之王 / Godzilla: King of the Monsters,https://movie.douban.com/subject/25890017/
疾速追杀3 / John Wick: Chapter 3 - Parabellum,https://movie.douban.com/subject/26909790/
大侦探皮卡丘 / Pokémon Detective Pikachu,https://movie.douban.com/subject/26835471/
权力的游戏 第八季 / Game of Thrones Season 8,https://movie.douban.com/subject/26584183/
雷霆沙赞！ / Shazam!,https://movie.douban.com/subject/2244426/
小飞象 / Dumbo,https://movie.douban.com/subject/25924056/
海市蜃楼 / Durante la tormenta,https://movie.douban.com/subject/30164448/
"爱，死亡和机器人 第一季 / Love, Death & Robots Season 1",https://movie.douban.com/subject/30424374/
我们 / Us,https://movie.douban.com/subject/27053945/
光,https://movie.douban.com/subject/30238963/
副总统 / Vice,https://movie.douban.com/subject/26920842/
宠儿 / The Favourite,https://movie.douban.com/subject/26628282/
私人战争 / A Private War,https://movie.douban.com/subject/20425292/
疯狂的外星人,https://movie.douban.com/subject/25986662/
驯龙高手3 / How to Train Your Dragon: The Hidden World,https://movie.douban.com/subject/19899707/
新喜剧之王,https://movie.douban.com/subject/4840388/
飞驰人生,https://movie.douban.com/subject/30163509/
流浪地球,https://movie.douban.com/subject/26266893/
阿丽塔：战斗天使 / Alita: Battle Angel,https://movie.douban.com/subject/1652592/
怒晴湘西,https://movie.douban.com/subject/27202985/
绿皮书 / Green Book,https://movie.douban.com/subject/27060077/
黑镜：潘达斯奈基 / Black Mirror: Bandersnatch,https://movie.douban.com/subject/30414462/
“大”人物,https://movie.douban.com/subject/26816076/
密室逃生 / Escape Room,https://movie.douban.com/subject/27109679/
蒙上你的眼 / Bird Box,https://movie.douban.com/subject/27092648/
野梨树 / Ahlat Ağacı,https://movie.douban.com/subject/26878883/
罗马 / Roma,https://movie.douban.com/subject/1950330/
来电狂响,https://movie.douban.com/subject/30377703/
深入敌后 / Behind Enemy Lines,https://movie.douban.com/subject/1305524/
太阳泪 / Tears of the Sun,https://movie.douban.com/subject/1307463/
美国黑帮 / American Gangster,https://movie.douban.com/subject/1578503/
训练日 / Training Day,https://movie.douban.com/subject/1304898/
星河战队：火星叛国者 / Starship Troopers: Traitor of Mars,https://movie.douban.com/subject/27064923/
鬼作秀 / Creepshow,https://movie.douban.com/subject/1296008/
四兄弟 / Four Brothers,https://movie.douban.com/subject/1419976/
机器纪元 / Autómata,https://movie.douban.com/subject/6873819/
刀走偏锋 / Cypher,https://movie.douban.com/subject/1307669/
异次元骇客 / The Thirteenth Floor,https://movie.douban.com/subject/1300282/
火线狙击 / In the Line of Fire,https://movie.douban.com/subject/1295733/
代号47 / Hitman: Agent 47,https://movie.douban.com/subject/21350962/
透明人2 / Hollow Man II,https://movie.douban.com/subject/1779689/
终结者3 / Terminator 3: Rise of the Machines,https://movie.douban.com/subject/1305333/
终结者2：审判日 / Terminator 2: Judgment Day,https://movie.douban.com/subject/1291844/
终结者 / The Terminator,https://movie.douban.com/subject/1300656/
终结者2018 / Terminator Salvation,https://movie.douban.com/subject/1410556/
借刀杀人 / Collateral,https://movie.douban.com/subject/1308762/
西部世界 / Westworld,https://movie.douban.com/subject/1297907/
隔绝 / The Divide,https://movie.douban.com/subject/4846693/
杀人不分左右 / The Last House on the Left,https://movie.douban.com/subject/2977357/
地球停转之日 / The Day the Earth Stood Still,https://movie.douban.com/subject/2225321/
潜龙轰天 / Under Siege,https://movie.douban.com/subject/1301447/
沙丘 / Dune,https://movie.douban.com/subject/1293092/
幽灵船 / Ghost Ship,https://movie.douban.com/subject/1296535/
狼人 / The Wolfman,https://movie.douban.com/subject/2132477/
12回合 / 12 Rounds,https://movie.douban.com/subject/3011355/
弯刀 / Machete,https://movie.douban.com/subject/2081493/
时空线索 / Deja Vu,https://movie.douban.com/subject/1789283/
黑雨 / Black Rain,https://movie.douban.com/subject/1298608/
未来水世界 / Waterworld,https://movie.douban.com/subject/1294037/
决战犹马镇 / 3:10 to Yuma,https://movie.douban.com/subject/1793904/
X档案：我要相信 / The X Files: I Want to Believe,https://movie.douban.com/subject/2298926/
红色警戒999 / Triple 9,https://movie.douban.com/subject/6875396/
地牢围攻 / In the Name of the King: A Dungeon Siege Tale,https://movie.douban.com/subject/1428179/
致命武器 / Lethal Weapon,https://movie.douban.com/subject/1295635/
赶尽杀绝 / Shoot 'Em Up,https://movie.douban.com/subject/1947080/
绝密飞行 / Stealth,https://movie.douban.com/subject/1309200/
剑鱼行动 / Swordfish,https://movie.douban.com/subject/1304608/
惊变28周 / 28 Weeks Later,https://movie.douban.com/subject/1758487/
诸神混乱之女神陷阱 / Immortel (ad vitam),https://movie.douban.com/subject/1308835/
启示 / Apocalypto,https://movie.douban.com/subject/1450031/
浪人 / Ronin,https://movie.douban.com/subject/1295527/
雪盲 / Whiteout,https://movie.douban.com/subject/2024935/
鬼讯号2：灵异透视 / White Noise 2: The Light,https://movie.douban.com/subject/1578484/
致命报应 / The Reaping,https://movie.douban.com/subject/1857086/
惊变28天 / 28 Days Later...,https://movie.douban.com/subject/1306421/
阿帕鲁萨镇 / Appaloosa,https://movie.douban.com/subject/2037910/
致命对决 / Killing Season,https://movie.douban.com/subject/3887988/
阿波罗18号 / Apollo 18,https://movie.douban.com/subject/5365963/
星河战队3：掠夺者 / Starship Troopers 3: Marauder,https://movie.douban.com/subject/3006123/
世界末日 / Armageddon,https://movie.douban.com/subject/1292769/
星河战队 / Starship Troopers,https://movie.douban.com/subject/1295384/
守日人 / Дневной дозор,https://movie.douban.com/subject/1475572/
星河战队：入侵 / Starship Troopers: Invasion,https://movie.douban.com/subject/7162552/
贝奥武夫 / Beowulf,https://movie.douban.com/subject/1792917/
杀戮指令 / Kill Command,https://movie.douban.com/subject/24746649/
终极标靶 / Hard Target,https://movie.douban.com/subject/1295871/
守夜人 / Ночной дозор,https://movie.douban.com/subject/1414803/
进化危机 / Evolution,https://movie.douban.com/subject/1297611/
灭顶之灾 / The Happening,https://movie.douban.com/subject/2073674/
鬼玩人 / The Evil Dead,https://movie.douban.com/subject/1292501/
特警判官 / Judge Dredd,https://movie.douban.com/subject/1296628/
天兆 / Signs,https://movie.douban.com/subject/1298328/
杀手：代号47 / Hitman,https://movie.douban.com/subject/1937621/
叛国者 / Traitor,https://movie.douban.com/subject/2158328/
鹰眼 / Eagle Eye,https://movie.douban.com/subject/2264715/
末日危途 / The Road,https://movie.douban.com/subject/2252773/
太空运输 / Cargo,https://movie.douban.com/subject/3148956/
夺金三王 / Three Kings,https://movie.douban.com/subject/1294202/
染血王国 / The Kingdom,https://movie.douban.com/subject/1929436/
机器战警 / RoboCop,https://movie.douban.com/subject/1294791/
星河战队2：联邦英雄 / Starship Troopers 2: Hero of the Federation,https://movie.douban.com/subject/1422938/
火星任务 / Mission to Mars,https://movie.douban.com/subject/1303447/
街头之王 / Street Kings,https://movie.douban.com/subject/1867415/
佛莱迪大战杰森 / Freddy vs. Jason,https://movie.douban.com/subject/1302429/
惩罚者2：战争特区 / Punisher: War Zone,https://movie.douban.com/subject/1871800/
怪兽 / Monsters,https://movie.douban.com/subject/3871833/
嗜血破晓 / Daybreakers,https://movie.douban.com/subject/1972732/
末日侵袭 / Doomsday,https://movie.douban.com/subject/2028640/
变蝇人 / The Fly,https://movie.douban.com/subject/1293073/
X档案：征服未来 / The X Files,https://movie.douban.com/subject/1293330/
星际传奇2 / The Chronicles of Riddick,https://movie.douban.com/subject/1308859/
红色星球 / Red Planet,https://movie.douban.com/subject/1304496/
艾利之书 / The Book of Eli,https://movie.douban.com/subject/3205571/
马克思·佩恩 / Max Payne,https://movie.douban.com/subject/2117922/
魔兽战场 / Outlander,https://movie.douban.com/subject/2049689/
昆池岩 / 곤지암,https://movie.douban.com/subject/26945085/
犬之岛 / Isle of Dogs,https://movie.douban.com/subject/26640371/
撞死了一只羊,https://movie.douban.com/subject/30283179/
过春天,https://movie.douban.com/subject/27191431/
花牌情缘：结 / ちはやふる 結び,https://movie.douban.com/subject/26784898/
我的冠军男友 / Mario,https://movie.douban.com/subject/30159390/
诡怪疑云 / Aterrados,https://movie.douban.com/subject/27188152/
超时空接触 / Contact,https://movie.douban.com/subject/1295647/
斯巴达300勇士 / 300,https://movie.douban.com/subject/1853176/
风云Ⅱ / 風雲Ⅱ,https://movie.douban.com/subject/2997155/
驱魔人 / The Exorcist,https://movie.douban.com/subject/1293755/
杀出个黎明 / From Dusk Till Dawn,https://movie.douban.com/subject/1301409/
恐怖解剖室 / Pathology,https://movie.douban.com/subject/2060184/
赏金杀手 / Bounty Killer,https://movie.douban.com/subject/19899478/
壮志凌云 / Top Gun,https://movie.douban.com/subject/1293799/
潜伏者 / The Infiltrator,https://movie.douban.com/subject/3428500/
午夜逃亡 / Midnight Special,https://movie.douban.com/subject/24716033/
独行杀手 / Le samouraï,https://movie.douban.com/subject/1300966/
给爸爸的信 / 給爸爸的信,https://movie.douban.com/subject/1299250/
警察有约,https://movie.douban.com/subject/1456774/
波拉特 / Borat: Cultural Learnings of America for Make Benefit Glorious Nation of Kazakhstan,https://movie.douban.com/subject/1870044/
金牌制作人 / The Producers,https://movie.douban.com/subject/1479817/
断箭 / 부러진 화살,https://movie.douban.com/subject/6829665/
埋伏,https://movie.douban.com/subject/1300019/
喋血双雄 / 喋血雙雄,https://movie.douban.com/subject/1296519/
虎兄虎弟 / Deux frères,https://movie.douban.com/subject/1309135/
异形3 / Alien³,https://movie.douban.com/subject/1297929/
深藏不露 / INSiDE,https://movie.douban.com/subject/4829835/
12勇士 / 12 Strong,https://movie.douban.com/subject/3660130/
B+侦探 / B+偵探,https://movie.douban.com/subject/4118060/
疯狂的心 / Crazy Heart,https://movie.douban.com/subject/3182864/
超验骇客 / Transcendence,https://movie.douban.com/subject/10810745/
蝙蝠侠：元年 / Batman: Year One,https://movie.douban.com/subject/5150481/
侏罗纪公园3 / Jurassic Park III,https://movie.douban.com/subject/1304643/
惊声尖叫2 / Scream 2,https://movie.douban.com/subject/1299495/
会计刺客 / The Accountant,https://movie.douban.com/subject/24325861/
惊声尖叫3 / Scream 3,https://movie.douban.com/subject/1293133/
叶问前传,https://movie.douban.com/subject/4134631/
空中营救 / Non-Stop,https://movie.douban.com/subject/10598440/
洛奇2 / Rocky II,https://movie.douban.com/subject/1295281/
变形金刚大电影 / The Transformers: The Movie,https://movie.douban.com/subject/1296109/
阿尔法：狼伴归途 / Alpha,https://movie.douban.com/subject/26810318/
局内人 / Inside Man,https://movie.douban.com/subject/1441801/
捕蝇纸 / Flypaper,https://movie.douban.com/subject/4132407/
第九道门 / The Ninth Gate,https://movie.douban.com/subject/1294789/
不准掉头 / U Turn,https://movie.douban.com/subject/1292228/
阿基拉 / Akira,https://movie.douban.com/subject/1302770/
透明人 / Hollow Man,https://movie.douban.com/subject/1293470/
生于七月四日 / Born on the Fourth of July,https://movie.douban.com/subject/1292874/
龙的传人 / 龍的傳人,https://movie.douban.com/subject/1306057/
加菲猫2 / Garfield: A Tail of Two Kitties,https://movie.douban.com/subject/1760104/
疯狂的麦克斯6 / Mad Max 6,https://movie.douban.com/subject/26635029/
疯狂的麦克斯3 / Mad Max Beyond Thunderdome,https://movie.douban.com/subject/1294383/
疯狂的麦克斯5：废土 / Mad Max: The Wasteland,https://movie.douban.com/subject/26362789/
疯狂的麦克斯 / Mad Max,https://movie.douban.com/subject/1295670/
疯狂的麦克斯2 / Mad Max 2,https://movie.douban.com/subject/1292453/
大搜查之女,https://movie.douban.com/subject/3136488/
公众之敌 / Public Enemies,https://movie.douban.com/subject/2369549/
罪孽 / The Debt,https://movie.douban.com/subject/3059403/
穿越火线 / Август. Восьмого,https://movie.douban.com/subject/10555084/
太平间闹鬼事件 / The Haunting in Connecticut,https://movie.douban.com/subject/2252775/
危狱惊情 / Stone,https://movie.douban.com/subject/3706862/
神秘河 / Mystic River,https://movie.douban.com/subject/1307748/
偷听女人心 / What Women Want,https://movie.douban.com/subject/1295078/
稻草狗 / Straw Dogs,https://movie.douban.com/subject/3230125/
百货战警2 / Paul Blart: Mall Cop 2,https://movie.douban.com/subject/25833539/
宠物坟场 / Pet Sematary,https://movie.douban.com/subject/1303897/
"纳尼亚传奇1：狮子、女巫和魔衣橱 / The Chronicles of Narnia: The Lion, the Witch and the Wardrobe",https://movie.douban.com/subject/1309052/
大力士 / Hercules,https://movie.douban.com/subject/1299800/
月球漫步 / Moonwalker,https://movie.douban.com/subject/1297503/
灯红酒绿杀人夜 / Prom Night,https://movie.douban.com/subject/2230926/
波普先生的企鹅 / Mr. Popper's Penguins,https://movie.douban.com/subject/3602084/
航班蛇患 / Snakes on a Plane,https://movie.douban.com/subject/1482080/
最终幻想：灵魂深处 / Final Fantasy: The Spirits Within,https://movie.douban.com/subject/1304602/
星尘 / Stardust,https://movie.douban.com/subject/1867335/
虎胆龙威6：麦克莱恩 / McClane,https://movie.douban.com/subject/26641707/
虎胆龙威4 / Live Free or Die Hard,https://movie.douban.com/subject/1401535/
虎胆龙威3 / Die Hard: With a Vengeance,https://movie.douban.com/subject/1299837/
虎胆龙威2 / Die Hard 2,https://movie.douban.com/subject/1300537/
虎胆龙威5 / A Good Day to Die Hard,https://movie.douban.com/subject/4312428/
绿野仙踪 / The Wizard of Oz,https://movie.douban.com/subject/1292625/
记忆裂痕 / Paycheck,https://movie.douban.com/subject/1308715/
戴夫号飞船 / Meet Dave,https://movie.douban.com/subject/1929441/
高楼大劫案 / Tower Heist,https://movie.douban.com/subject/2133293/
歌剧魅影 / The Phantom of the Opera,https://movie.douban.com/subject/1291554/
幸福的黄手帕 / 幸福の黄色いハンカチ,https://movie.douban.com/subject/1305294/
惊天战神 / Immortals,https://movie.douban.com/subject/3131599/
体热 / Body Heat,https://movie.douban.com/subject/1296501/
实尾岛 / 실미도,https://movie.douban.com/subject/1389982/
高中学生会长暗杀事件 / Assassination of a High School President,https://movie.douban.com/subject/2132466/
西雅图未眠夜 / Sleepless in Seattle,https://movie.douban.com/subject/1298128/
茜茜公主 / Sissi,https://movie.douban.com/subject/1304056/
足迹 / Sleuth,https://movie.douban.com/subject/1887455/
疯狂店员 / Clerks,https://movie.douban.com/subject/1298320/
开国大典,https://movie.douban.com/subject/3147497/
茜茜公主3 / Sissi - Schicksalsjahre einer Kaiserin,https://movie.douban.com/subject/1297644/
牛仔和外星人 / Cowboys & Aliens,https://movie.douban.com/subject/2210143/
灵魂战车 / Ghost Rider,https://movie.douban.com/subject/1482077/
黑夜传说3：狼族崛起 / Underworld: Rise of the Lycans,https://movie.douban.com/subject/2132941/
奇异的恩典 / Amazing Grace,https://movie.douban.com/subject/1947282/
极度深寒 / Deep Rising,https://movie.douban.com/subject/1293515/
我的超级前女友 / My Super Ex-Girlfriend,https://movie.douban.com/subject/1482075/
老无所依 / No Country for Old Men,https://movie.douban.com/subject/1857099/
美国甜心 / America's Sweethearts,https://movie.douban.com/subject/1304114/
失眠症 / Insomnia,https://movie.douban.com/subject/1307210/
007之黄金眼 / GoldenEye,https://movie.douban.com/subject/1292677/
约会电影 / Date Movie,https://movie.douban.com/subject/1478285/
激情年代 / The Crucible,https://movie.douban.com/subject/1301500/
甲午风云,https://movie.douban.com/subject/1394315/
百万美元酒店 / The Million Dollar Hotel,https://movie.douban.com/subject/1296124/
大地惊雷 / True Grit,https://movie.douban.com/subject/3626372/
缺席的人 / The Man Who Wasn't There,https://movie.douban.com/subject/1306032/
为了她 / Pour elle,https://movie.douban.com/subject/3068237/
南京1937,https://movie.douban.com/subject/1297607/
盗火线 / Heat,https://movie.douban.com/subject/1295686/
贝隆夫人 / Evita,https://movie.douban.com/subject/1295804/
拜见岳父大人3 / Little Fockers,https://movie.douban.com/subject/3078753/
宾虚 / Ben-Hur,https://movie.douban.com/subject/25731059/
巴顿将军 / Patton,https://movie.douban.com/subject/1298308/
珍珠港 / Pearl Harbor,https://movie.douban.com/subject/1302987/
布鲁克斯先生 / Mr. Brooks,https://movie.douban.com/subject/1949321/
吸血鬼女王 / Queen of the Damned,https://movie.douban.com/subject/1306601/
第三类接触 / Close Encounters of the Third Kind,https://movie.douban.com/subject/1298405/
反斗神鹰2 / Hot Shots! Part Deux,https://movie.douban.com/subject/1305309/
圣诞颂歌 / A Christmas Carol,https://movie.douban.com/subject/2267372/
怪物史瑞克3 / Shrek the Third,https://movie.douban.com/subject/1433673/
第十一个小时 / The 11th Hour,https://movie.douban.com/subject/1945781/
超人 / Superman,https://movie.douban.com/subject/1300916/
的士速递 / Taxi,https://movie.douban.com/subject/1294262/
憨豆特工 / Johnny English,https://movie.douban.com/subject/1307389/
十三号星期五 / Friday the 13th,https://movie.douban.com/subject/1293143/
蝙蝠侠 / Batman,https://movie.douban.com/subject/1297970/
木乃伊 / The Mummy,https://movie.douban.com/subject/1295229/
众矢之的 / Fair Game,https://movie.douban.com/subject/3073202/
自娱自乐,https://movie.douban.com/subject/1316581/
末世纪暴潮 / Strange Days,https://movie.douban.com/subject/1293932/
铁血战士2 / Predator 2,https://movie.douban.com/subject/1302718/
惊声尖笑2 / Scary Movie 2,https://movie.douban.com/subject/1308207/
入侵脑细胞 / The Cell,https://movie.douban.com/subject/1293171/
新龙凤配 / Sabrina,https://movie.douban.com/subject/1301221/
芳心谋杀案 / Lonely Hearts,https://movie.douban.com/subject/1428053/
通缉令 / Wanted,https://movie.douban.com/subject/1945336/
来电惊魂 / When a Stranger Calls,https://movie.douban.com/subject/1461348/
恐龙 / Dinosaur,https://movie.douban.com/subject/1298694/
海神号 / Poseidon,https://movie.douban.com/subject/1473795/
人类之子 / Children of Men,https://movie.douban.com/subject/1478064/
马利和我 / Marley & Me,https://movie.douban.com/subject/2297275/
慕尼黑 / Munich,https://movie.douban.com/subject/1438338/
鬼马小精灵 / Casper,https://movie.douban.com/subject/1305217/
伯纳德行动 / Die Fälscher,https://movie.douban.com/subject/2381810/
杀人三步曲 / Desperado,https://movie.douban.com/subject/1293976/
神勇奶爸 / The Pacifier,https://movie.douban.com/subject/1308991/
末代独裁 / The Last King of Scotland,https://movie.douban.com/subject/1900848/
战地情人 / Captain Corelli's Mandolin,https://movie.douban.com/subject/1299593/
格林兄弟 / The Brothers Grimm,https://movie.douban.com/subject/1309053/
独奏者 / The Soloist,https://movie.douban.com/subject/2367243/
少数派报告 / Minority Report,https://movie.douban.com/subject/1297689/
老友有钱 / Friends With Money,https://movie.douban.com/subject/1465754/
录影带谋杀案 / Videodrome,https://movie.douban.com/subject/1295276/
不朽 / L'immortel,https://movie.douban.com/subject/3009168/
赏金猎手 / The Bounty Hunter,https://movie.douban.com/subject/3673923/
呆呆精灵 / Hui Buh,https://movie.douban.com/subject/1827027/
星银岛 / Treasure Planet,https://movie.douban.com/subject/1297666/
命运规划局 / The Adjustment Bureau,https://movie.douban.com/subject/3569943/
空军一号 / Air Force One,https://movie.douban.com/subject/1293537/
勇敢者的游戏 / Jumanji,https://movie.douban.com/subject/1294990/
万夫莫敌 / Invincible,https://movie.douban.com/subject/1862826/
重返地球 / After Earth,https://movie.douban.com/subject/6828823/
怒火攻心 / Crank,https://movie.douban.com/subject/1849959/
时空穿越者 / Les deux mondes,https://movie.douban.com/subject/2059354/
蜘蛛侠3 / Spider-Man 3,https://movie.douban.com/subject/1418189/
尼姆岛 / Nim's Island,https://movie.douban.com/subject/2042975/
绿巨人浩克 / Hulk,https://movie.douban.com/subject/1307354/
捉鬼敢死队 / Ghostbusters,https://movie.douban.com/subject/1293760/
93航班 / United 93,https://movie.douban.com/subject/1588945/
外星人报到 / My Favorite Martian,https://movie.douban.com/subject/1302724/
超级女特工 / Les femmes de l'ombre,https://movie.douban.com/subject/2058735/
即时发生 / What Just Happened?,https://movie.douban.com/subject/1949315/
保卫者 / Defendor,https://movie.douban.com/subject/3268493/
罗密欧点 / 알포인트,https://movie.douban.com/subject/1470328/
太空牛仔 / Space Cowboys,https://movie.douban.com/subject/1301444/
心碎度蜜月 / The Heartbreak Kid,https://movie.douban.com/subject/1994877/
刀锋战士 / Blade,https://movie.douban.com/subject/1298120/
007：大破量子危机 / Quantum of Solace,https://movie.douban.com/subject/1946882/
樱桃 / About Cherry,https://movie.douban.com/subject/6529885/
最后一次驱魔 / The Last Exorcism,https://movie.douban.com/subject/3284768/
空中监狱 / Con Air,https://movie.douban.com/subject/1300618/
黑衣女人 / The Woman in Black,https://movie.douban.com/subject/5156706/
天地大冲撞 / Deep Impact,https://movie.douban.com/subject/1293131/
蒸发密令 / Eraser,https://movie.douban.com/subject/1298635/
断箭 / Broken Arrow,https://movie.douban.com/subject/1293317/
史前巨鳄 / Lake Placid,https://movie.douban.com/subject/1295387/
七龙珠 / Dragonball Evolution,https://movie.douban.com/subject/2310144/
好医生 / The Good Doctor,https://movie.douban.com/subject/4281535/
飓风营救2 / Taken 2,https://movie.douban.com/subject/3606971/
空战英豪 / Flyboys,https://movie.douban.com/subject/1849026/
国家宝藏：夺宝秘笈 / National Treasure: Book of Secrets,https://movie.douban.com/subject/1607471/
黑色大丽花 / The Black Dahlia,https://movie.douban.com/subject/1578669/
勇敢的人 / The Brave One,https://movie.douban.com/subject/1578646/
致命伴旅 / The Tourist,https://movie.douban.com/subject/4190211/
末日深眠 / Air,https://movie.douban.com/subject/25832695/
胡桃夹子：魔境冒险 / The Nutcracker in 3D,https://movie.douban.com/subject/3012819/
庞贝末日 / Pompeii,https://movie.douban.com/subject/2083735/
怒火保镖 / Wild Card,https://movie.douban.com/subject/10486471/
神奇四侠2 / Fantastic 4: Rise of the Silver Surfer,https://movie.douban.com/subject/1584750/
怨鬼之家 / ลัดดาแลนด์,https://movie.douban.com/subject/6383536/
太阳浩劫 / Sunshine,https://movie.douban.com/subject/1849371/
天使与魔鬼 / Angels & Demons,https://movie.douban.com/subject/1927369/
偷天陷阱 / Entrapment,https://movie.douban.com/subject/1300069/
猫女 / Catwoman,https://movie.douban.com/subject/1308771/
女巫季节 / Season of the Witch,https://movie.douban.com/subject/3017651/
太空一号 / Lockout,https://movie.douban.com/subject/4301662/
鬼娃回魂2 / Child's Play 2,https://movie.douban.com/subject/1293798/
死寂 / Dead Silence,https://movie.douban.com/subject/1895120/
黑死病 / Black Death,https://movie.douban.com/subject/2988509/
铁甲衣 / Ironclad,https://movie.douban.com/subject/3077734/
灵魂战车2：复仇时刻 / Ghost Rider: Spirit of Vengeance,https://movie.douban.com/subject/3077408/
美国人 / The American,https://movie.douban.com/subject/3744561/
人皮交易 / Skin Trade,https://movie.douban.com/subject/5152973/
夺宝奇兵4 / Indiana Jones and the Kingdom of the Crystal Skull,https://movie.douban.com/subject/1428051/
玩命快递 / The Transporter,https://movie.douban.com/subject/1303139/
玩命快递2 / Transporter 2,https://movie.douban.com/subject/1419974/
玩命速递：重启之战 / The Transporter Refueled,https://movie.douban.com/subject/24718797/
死亡录像3：创世纪 / [REC]³ Génesis,https://movie.douban.com/subject/4883258/
军犬麦克斯 / Max,https://movie.douban.com/subject/25898213/
针孔旅馆 / Vacancy,https://movie.douban.com/subject/2002954/
虎胆龙威 / Die Hard,https://movie.douban.com/subject/1292697/
活死人黎明 / Dawn of the Dead,https://movie.douban.com/subject/1309088/
曼谷杀手 / Bangkok Dangerous,https://movie.douban.com/subject/1918224/
乘客 / Passengers,https://movie.douban.com/subject/2133422/
搭车人 / The Hitcher,https://movie.douban.com/subject/1819460/
300勇士：帝国崛起 / 300: Rise of an Empire,https://movie.douban.com/subject/3148089/
驱魔人前传 / Exorcist: The Beginning,https://movie.douban.com/subject/1303237/
玩命快递3 / Transporter 3,https://movie.douban.com/subject/3018122/
怒海潜将 / Men of Honor,https://movie.douban.com/subject/1293400/
机器战警2 / Robocop 2,https://movie.douban.com/subject/1298574/
乌鸦 / The Raven,https://movie.douban.com/subject/3914547/
碟中谍3 / Mission: Impossible III,https://movie.douban.com/subject/1401533/
碟中谍2 / Mission: Impossible II,https://movie.douban.com/subject/1298525/
碟中谍 / Mission: Impossible,https://movie.douban.com/subject/1292484/
碟中谍4 / Mission: Impossible - Ghost Protocol,https://movie.douban.com/subject/3068206/
恐怖幽灵 / The Frighteners,https://movie.douban.com/subject/1292739/
拳王阿里 / Ali,https://movie.douban.com/subject/1305671/
亡命驾驶 / Drive,https://movie.douban.com/subject/2010972/
生死狙击 / Shooter,https://movie.douban.com/subject/1947549/
异形大战铁血战士 / AVP: Alien vs. Predator,https://movie.douban.com/subject/1308769/
谍影重重4 / The Bourne Legacy,https://movie.douban.com/subject/3001077/
锅盖头 / Jarhead,https://movie.douban.com/subject/1424218/
菲利普船长 / Captain Phillips,https://movie.douban.com/subject/4116480/
动物园看守 / Zookeeper,https://movie.douban.com/subject/3055049/
汉娜 / Hanna,https://movie.douban.com/subject/3156117/
深空失忆 / Pandorum,https://movie.douban.com/subject/3011617/
地心历险记2：神秘岛 / Journey 2: The Mysterious Island,https://movie.douban.com/subject/3606973/
冲上云霄 / 衝上雲霄,https://movie.douban.com/subject/7003416/
铁血精英 / Killer Elite,https://movie.douban.com/subject/3775167/
X射线营地 / Camp X-Ray,https://movie.douban.com/subject/24743119/
玩命追踪 / Blitz,https://movie.douban.com/subject/3238087/
全面回忆 / Total Recall,https://movie.douban.com/subject/1295870/
十二生肖,https://movie.douban.com/subject/4212172/
过关斩将 / The Running Man,https://movie.douban.com/subject/1292626/
迫降航班 / Flight,https://movie.douban.com/subject/6390832/
奋斗的乔伊 / Joy,https://movie.douban.com/subject/25901741/
警察游戏 / Let's Be Cops,https://movie.douban.com/subject/24702267/
捉鬼敢死队2 / Ghostbusters II,https://movie.douban.com/subject/1297946/
红潮风暴 / Crimson Tide,https://movie.douban.com/subject/1295363/
超级八 / Super 8,https://movie.douban.com/subject/5503303/
太极1：从零开始,https://movie.douban.com/subject/5996800/
地心历险记 / Journey to the Center of the Earth,https://movie.douban.com/subject/2037833/
蒙羞之旅 / Walk of Shame,https://movie.douban.com/subject/3285050/
别惹我 / Malavita,https://movie.douban.com/subject/10766459/
辣手警花 / The Heat,https://movie.douban.com/subject/10774066/
霍比特人1：意外之旅 / The Hobbit: An Unexpected Journey,https://movie.douban.com/subject/1966182/
冰雪勇士 / Saints and Soldiers,https://movie.douban.com/subject/1416905/
魔鬼山历险记 / Race to Witch Mountain,https://movie.douban.com/subject/2996642/
变形金刚4：绝迹重生 / Transformers: Age of Extinction,https://movie.douban.com/subject/7054604/
陪安东尼度过漫长岁月,https://movie.douban.com/subject/26269510/
红色机尾 / Red Tails,https://movie.douban.com/subject/1901328/
星际传奇 / Pitch Black,https://movie.douban.com/subject/1296459/
饥饿游戏3：嘲笑鸟(上) / The Hunger Games: Mockingjay - Part 1,https://movie.douban.com/subject/6533054/
饥饿游戏 / The Hunger Games,https://movie.douban.com/subject/3592853/
饥饿游戏3：嘲笑鸟(下) / The Hunger Games: Mockingjay - Part 2,https://movie.douban.com/subject/10047547/
老炮儿,https://movie.douban.com/subject/24751756/
冰封：重生之门,https://movie.douban.com/subject/6973460/
燃眉追击 / Clear and Present Danger,https://movie.douban.com/subject/1292822/
精灵旅社 / Hotel Transylvania,https://movie.douban.com/subject/3269068/
狙击精英：重装上阵 / Sniper: Reloaded,https://movie.douban.com/subject/5158655/
实习生 / The Intern,https://movie.douban.com/subject/10594965/
绝命航班 / Last Flight,https://movie.douban.com/subject/25715111/
分歧者3：上升之势 / The Divergent Series: Ascendant,https://movie.douban.com/subject/25873396/
分歧者2：绝地反击 / Insurgent,https://movie.douban.com/subject/25794212/
控制,https://movie.douban.com/subject/10604087/
分歧者3：忠诚世界 / The Divergent Series: Allegiant,https://movie.douban.com/subject/25794302/
摩登年代,https://movie.douban.com/subject/23856234/
窃听风云3,https://movie.douban.com/subject/10726941/
厨子戏子痞子,https://movie.douban.com/subject/6011806/
夜行者 / Nightcrawler,https://movie.douban.com/subject/25750969/
"凯撒万岁 / Hail, Caesar!",https://movie.douban.com/subject/2058751/
谜一样的双眼 / Secret in Their Eyes,https://movie.douban.com/subject/25885742/
恶棍天使,https://movie.douban.com/subject/26290365/
感谢分享 / Thanks for Sharing,https://movie.douban.com/subject/6847698/
兄弟出头天 / Stand Up Guys,https://movie.douban.com/subject/3578920/
海豹六队：突袭奥萨马本拉登 / Seal Team 6: The Raid on Osama Bin Laden,https://movie.douban.com/subject/10467174/
里约大冒险2 / Rio 2,https://movie.douban.com/subject/11443314/
僵尸世界大战 / World War Z,https://movie.douban.com/subject/2132473/
危机13小时 / 13 Hours: The Secret Soldiers of Benghazi,https://movie.douban.com/subject/26220717/
星际迷航2：暗黑无界 / Star Trek Into Darkness,https://movie.douban.com/subject/3642843/
华尔街之狼 / The Wolf of Wall Street,https://movie.douban.com/subject/2997076/
星球大战7：原力觉醒 / Star Wars: The Force Awakens,https://movie.douban.com/subject/20326665/
黑色弥撒 / Black Mass,https://movie.douban.com/subject/3432861/
黄飞鸿之英雄有梦,https://movie.douban.com/subject/25444447/
乐高大电影 / The Lego Movie,https://movie.douban.com/subject/3927734/
背水一战 / The Last Stand,https://movie.douban.com/subject/4156402/
特种部队2：全面反击 / G.I. Joe: Retaliation,https://movie.douban.com/subject/4301181/
父女情 / Fathers and Daughters,https://movie.douban.com/subject/25747095/
惊天魔盗团 / Now You See Me,https://movie.douban.com/subject/6517421/
神探夏洛克：可恶的新娘 / Sherlock: The Abominable Bride,https://movie.douban.com/subject/25920885/
微爱之渐入佳境,https://movie.douban.com/subject/24751757/
私奔B计划 / Un plan parfait,https://movie.douban.com/subject/10463991/
垃圾男孩 / Trash,https://movie.douban.com/subject/7059561/
前任2：备胎反击战,https://movie.douban.com/subject/25881786/
世界末日 / This is the End,https://movie.douban.com/subject/3104798/
完美音调 / Pitch Perfect,https://movie.douban.com/subject/6957293/
万万没想到,https://movie.douban.com/subject/26320029/
破碎之城 / Broken City,https://movie.douban.com/subject/3078391/
机械姬 / Ex Machina,https://movie.douban.com/subject/4160540/
战狼,https://movie.douban.com/subject/24753810/
寄生兽 / 寄生獣,https://movie.douban.com/subject/25774050/
港囧,https://movie.douban.com/subject/25710912/
潜伏3 / Insidious: Chapter 3,https://movie.douban.com/subject/25728008/
离别七日情 / This Is Where I Leave You,https://movie.douban.com/subject/3530407/
碟中谍5：神秘国度 / Mission: Impossible - Rogue Nation,https://movie.douban.com/subject/10727641/
极地大冒险2 / Niko 2: Lentäjäveljekset,https://movie.douban.com/subject/10511636/
少年班,https://movie.douban.com/subject/26219652/
云中行走 / The Walk,https://movie.douban.com/subject/25819229/
金蝉脱壳 / Escape Plan,https://movie.douban.com/subject/3025447/
明星伙伴 / Entourage,https://movie.douban.com/subject/4911596/
小黄人大眼萌 / Minions,https://movie.douban.com/subject/11624706/
无尽的爱 / Endless Love,https://movie.douban.com/subject/24523681/
巨人捕手杰克 / Jack the Giant Slayer,https://movie.douban.com/subject/3415993/
饥饿游戏2：星火燎原 / The Hunger Games: Catching Fire,https://movie.douban.com/subject/6874456/
金钱怪兽 / Money Monster,https://movie.douban.com/subject/20365404/
功夫熊猫3 / Kung Fu Panda 3,https://movie.douban.com/subject/11589036/
鬣狗之路 / Hyena Road,https://movie.douban.com/subject/26580909/
暗夜逐仇 / Run All Night,https://movie.douban.com/subject/21977761/
夺命金字塔 / The Pyramid,https://movie.douban.com/subject/24852726/
大鱼海棠,https://movie.douban.com/subject/5045678/
不惧风暴 / Into the Storm,https://movie.douban.com/subject/7065187/
空天猎,https://movie.douban.com/subject/26753020/
博物馆奇妙夜3 / Night at the Museum: Secret of the Tomb,https://movie.douban.com/subject/21349734/
傲慢与偏见与僵尸 / Pride and Prejudice and Zombies,https://movie.douban.com/subject/3543318/
分歧者：异类觉醒 / Divergent,https://movie.douban.com/subject/6424814/
敢死队3 / The Expendables 3,https://movie.douban.com/subject/11610281/
无处可逃 / No Escape,https://movie.douban.com/subject/10792322/
灰姑娘 / Cinderella,https://movie.douban.com/subject/6875263/
狼图腾,https://movie.douban.com/subject/3993588/
破·局,https://movie.douban.com/subject/26760160/
移动迷宫 / The Maze Runner,https://movie.douban.com/subject/21349345/
间谍同盟 / Allied,https://movie.douban.com/subject/25978126/
巴霍巴利王：开端 / Baahubali: The Beginning,https://movie.douban.com/subject/25753326/
触不可及,https://movie.douban.com/subject/25789352/
捉妖记,https://movie.douban.com/subject/25723907/
乌龙特工 / Central Intelligence,https://movie.douban.com/subject/3927749/
猎神：冬日之战 / The Huntsman: Winter's War,https://movie.douban.com/subject/10791575/
第五波 / The 5th Wave,https://movie.douban.com/subject/25866686/
赤道,https://movie.douban.com/subject/24987018/
重返·狼群,https://movie.douban.com/subject/26920269/
破风 / 破風,https://movie.douban.com/subject/25853727/
寒战2 / 寒戰II,https://movie.douban.com/subject/20505982/
天将雄师,https://movie.douban.com/subject/25823833/
有种你爱我,https://movie.douban.com/subject/24743712/
午夜凶铃3(美版) / Rings,https://movie.douban.com/subject/1584991/
古剑奇谭之流月昭明,https://movie.douban.com/subject/26816372/
一条狗的使命 / A Dog's Purpose,https://movie.douban.com/subject/6873143/
盗墓笔记,https://movie.douban.com/subject/24827387/
一路向前,https://movie.douban.com/subject/26382888/
不可思异,https://movie.douban.com/subject/26277156/
原谅他77次 / 原諒他77次,https://movie.douban.com/subject/26857793/
绝地逃亡 / Skiptrace,https://movie.douban.com/subject/24529353/
维京：王者之战 / Викинг,https://movie.douban.com/subject/26769449/
反贪风暴2 / S風暴,https://movie.douban.com/subject/26352445/
表情奇幻冒险 / The Emoji Movie,https://movie.douban.com/subject/26577354/
胖子行动队,https://movie.douban.com/subject/27149818/
消失爱人,https://movie.douban.com/subject/26309968/
杀破狼·贪狼 / 殺破狼‧貪狼,https://movie.douban.com/subject/26826398/
大唐玄奘,https://movie.douban.com/subject/26389697/
乘风破浪,https://movie.douban.com/subject/26862259/
从你的全世界路过,https://movie.douban.com/subject/26280528/
“吃吃”的爱,https://movie.douban.com/subject/26279202/
爱情公寓,https://movie.douban.com/subject/24852545/
七十七天,https://movie.douban.com/subject/26426026/
西游伏妖篇,https://movie.douban.com/subject/25801066/
长城 / The Great Wall,https://movie.douban.com/subject/6982558/
二代妖精之今生有幸,https://movie.douban.com/subject/26797419/
人类削减计划 / The Thinning,https://movie.douban.com/subject/26853690/
健忘村,https://movie.douban.com/subject/26717795/
祖宗十九代,https://movie.douban.com/subject/27114417/
24小时：末路重生 / 24 Hours To Live,https://movie.douban.com/subject/26724807/
黄飞鸿之南北英雄,https://movie.douban.com/subject/30207949/
快手枪手快枪手,https://movie.douban.com/subject/26219893/
情圣,https://movie.douban.com/subject/26879060/
三生三世十里桃花,https://movie.douban.com/subject/25823277/
奇门遁甲,https://movie.douban.com/subject/26661191/
嫌疑人X的献身,https://movie.douban.com/subject/26606743/
少年,https://movie.douban.com/subject/26754643/
解忧杂货店,https://movie.douban.com/subject/26654146/
心理罪之城市之光,https://movie.douban.com/subject/26774722/
铁道飞虎,https://movie.douban.com/subject/26389069/
一路逆风,https://movie.douban.com/subject/26416774/
合约男女,https://movie.douban.com/subject/26425081/
功夫瑜伽,https://movie.douban.com/subject/26182910/
非凡任务,https://movie.douban.com/subject/26616690/
王牌逗王牌,https://movie.douban.com/subject/26662192/
大嫂,https://movie.douban.com/subject/26996783/
推理笔记,https://movie.douban.com/subject/26890502/
仙球大战,https://movie.douban.com/subject/25863024/
泡芙小姐,https://movie.douban.com/subject/26944076/
夏天19岁的肖像,https://movie.douban.com/subject/26677981/
黑白迷宫,https://movie.douban.com/subject/26752106/
心理罪,https://movie.douban.com/subject/26698000/
这就是命,https://movie.douban.com/subject/27037539/
侠盗联盟 / 俠盜聯盟,https://movie.douban.com/subject/25858758/
李雷和韩梅梅,https://movie.douban.com/subject/26289138/
父子雄兵,https://movie.douban.com/subject/26898747/
谁先爱上他的 / 誰先愛上他的,https://movie.douban.com/subject/27119586/
尖端医疗的真相 / The Bleeding Edge,https://movie.douban.com/subject/30234901/
今夕何夕2 / World of Tomorrow Episode Two: The Burden of Other People's Thoughts,https://movie.douban.com/subject/27119473/
密战,https://movie.douban.com/subject/26316956/
大闹天竺,https://movie.douban.com/subject/26389696/
一万公里的约定 / 一萬公里的約定,https://movie.douban.com/subject/26388555/
绝对控制 / I.T.,https://movie.douban.com/subject/26608448/
陈翔六点半之废话少说,https://movie.douban.com/subject/27024924/
你好，疯子！,https://movie.douban.com/subject/26696879/
绝命时钟2:22 / 2:22,https://movie.douban.com/subject/2338070/
京城81号2 / 京城81号Ⅱ,https://movie.douban.com/subject/26662798/
抢红,https://movie.douban.com/subject/26661183/
鲛珠传,https://movie.douban.com/subject/25857966/
喵星人,https://movie.douban.com/subject/26747836/
莫斯科陷落 / Притяжение,https://movie.douban.com/subject/26796845/
逆时营救,https://movie.douban.com/subject/26667056/
怪兽卡车 / Monster Trucks,https://movie.douban.com/subject/24910035/
血狼犬,https://movie.douban.com/subject/26882327/
末日重启 / Kill Switch,https://movie.douban.com/subject/26764514/
驯兔记,https://movie.douban.com/subject/30232270/
四个春天,https://movie.douban.com/subject/27191492/
换季期 / 환절기,https://movie.douban.com/subject/26870023/
花园派对 / Garden Party,https://movie.douban.com/subject/27179561/
快乐王子 / The Happy Prince,https://movie.douban.com/subject/11524958/
24帧 / 24 فریم,https://movie.douban.com/subject/26872545/
阿尔法围棋 / AlphaGo,https://movie.douban.com/subject/27012433/
负空间 / Negative Space,https://movie.douban.com/subject/27176528/
九三年夏天 / Estiu 1993,https://movie.douban.com/subject/26979007/
有熊谷守一在的地方 / モリのいる場所,https://movie.douban.com/subject/27147739/
孤狼之血 / 孤狼の血,https://movie.douban.com/subject/26992114/
女主角 / Leading Lady Parts,https://movie.douban.com/subject/30287738/
小公女 / 소공녀,https://movie.douban.com/subject/27017288/
日本之耻 / Japan's Secret Shame,https://movie.douban.com/subject/30263943/
"那天，大海 / 그날, 바다",https://movie.douban.com/subject/30163799/
马柔本宅秘事 / El secreto de Marrowbone,https://movie.douban.com/subject/26961821/
家族之苦3 / 妻よ薔薇のように 家族はつらいよIII,https://movie.douban.com/subject/27108740/
沉默的教室 / Das schweigende Klassenzimmer,https://movie.douban.com/subject/27608785/
行走距离 / Distancias cortas,https://movie.douban.com/subject/26754675/
羞辱 / قضية رقم ٢٣,https://movie.douban.com/subject/27098888/
天上再见 / Au revoir là-haut,https://movie.douban.com/subject/26731376/
反叛的童谣 / Revolting Rhymes,https://movie.douban.com/subject/27073245/
冒牌上尉 / Der Hauptmann,https://movie.douban.com/subject/27114240/
忠爱无言,https://movie.douban.com/subject/26995137/
南极之恋,https://movie.douban.com/subject/26628329/
忍者神龟2：破影而出 / Teenage Mutant Ninja Turtles: Out of the Shadows,https://movie.douban.com/subject/25955779/
蓝精灵：寻找神秘村 / Smurfs: The Lost Village,https://movie.douban.com/subject/19899718/
奔跑吧！兄弟,https://movie.douban.com/subject/26274910/
圣杯神器：骸骨之城 / The Mortal Instruments: City of Bones,https://movie.douban.com/subject/4126925/
我是谁：没有绝对安全的系统 / Who Am I - Kein System ist sicher,https://movie.douban.com/subject/25932086/
秦颂,https://movie.douban.com/subject/1298397/
摩根 / Morgan,https://movie.douban.com/subject/26341137/
老兽,https://movie.douban.com/subject/26957500/
铁血战士 / Predator,https://movie.douban.com/subject/1298976/
飞鹰艾迪 / Eddie the Eagle,https://movie.douban.com/subject/3072064/
看不见的客人 / Contratiempo,https://movie.douban.com/subject/26580232/
牡丹花下 / The Beguiled,https://movie.douban.com/subject/26761325/
骗子 / 꾼,https://movie.douban.com/subject/26770697/
守护者联盟 / Rise of the Guardians,https://movie.douban.com/subject/3769423/
杰出公民 / El ciudadano ilustre,https://movie.douban.com/subject/26844922/
生化危机：终章 / Resident Evil: The Final Chapter,https://movie.douban.com/subject/20471852/
边境杀手 / Sicario,https://movie.douban.com/subject/25881247/
神探夏洛克(试播集) / Sherlock S01E00 Pilot,https://movie.douban.com/subject/5258017/
海贼王剧场版Z / ONE PIECE FILM Z,https://movie.douban.com/subject/10467125/
放手爱,https://movie.douban.com/subject/24163542/
超能失控 / Chronicle,https://movie.douban.com/subject/6053731/
好友请求 / Friend Request,https://movie.douban.com/subject/26373527/
昼颜 / 昼顔,https://movie.douban.com/subject/26877106/
关灯后 / Lights Out,https://movie.douban.com/subject/26684564/
她不知道名字的那些鸟儿 / 彼女がその名を知らない鳥たち,https://movie.douban.com/subject/26928304/
小戏骨：白蛇传,https://movie.douban.com/subject/26887890/
封神传奇,https://movie.douban.com/subject/25850122/
欢乐喜剧人,https://movie.douban.com/subject/26850326/
大护法,https://movie.douban.com/subject/26811587/
成长边缘 / The Edge of Seventeen,https://movie.douban.com/subject/6873905/
夏日之王 / The Kings of Summer,https://movie.douban.com/subject/20415220/
假期历险记 / Vacation,https://movie.douban.com/subject/4075568/
信号 / The Signal,https://movie.douban.com/subject/25701866/
怪形 / The Thing,https://movie.douban.com/subject/1296794/
超级无敌掌门狗：人兔的诅咒 / Wallace & Gromit: The Curse of the Were-Rabbit,https://movie.douban.com/subject/1419901/
超能敢死队 / Ghostbusters,https://movie.douban.com/subject/3212398/
极限特工3：终极回归 / xXx: Return of Xander Cage,https://movie.douban.com/subject/3230115/
波西·杰克逊与魔兽之海 / Percy Jackson: Sea of Monsters,https://movie.douban.com/subject/10439805/
女巫 / The VVitch: A New-England Folktale,https://movie.douban.com/subject/26276364/
名侦探柯南：唐红的恋歌 / 名探偵コナン から紅の恋歌,https://movie.douban.com/subject/26788667/
泄密者 / 洩密者們,https://movie.douban.com/subject/27195080/
伸冤人 / The Equalizer,https://movie.douban.com/subject/3012013/
完美陌生人 / Perfetti sconosciuti,https://movie.douban.com/subject/26614893/
幻想曲 / Fantasia,https://movie.douban.com/subject/1310179/
荆轲刺秦王,https://movie.douban.com/subject/1294693/
鲨海 / 47 Meters Down,https://movie.douban.com/subject/26845362/
斯诺登 / Snowden,https://movie.douban.com/subject/25900819/
天才捕手 / Genius,https://movie.douban.com/subject/5262339/
爵迹,https://movie.douban.com/subject/26354336/
喜羊羊与灰太狼之飞马奇遇记,https://movie.douban.com/subject/24751765/
童军手册之僵尸启示录 / Scouts Guide to the Zombie Apocalypse,https://movie.douban.com/subject/6874140/
冰雪奇缘：生日惊喜 / Frozen Fever,https://movie.douban.com/subject/25977198/
雷神 / Thor,https://movie.douban.com/subject/1866471/
米花之味,https://movie.douban.com/subject/27077266/
银河护卫队 / Guardians of the Galaxy,https://movie.douban.com/subject/7065154/
美国队长2 / Captain America: The Winter Soldier,https://movie.douban.com/subject/6390823/
雷神2：黑暗世界 / Thor: The Dark World,https://movie.douban.com/subject/6560058/
钢铁侠3 / Iron Man 3,https://movie.douban.com/subject/3231742/
复仇者联盟 / The Avengers,https://movie.douban.com/subject/1866479/
美国队长 / Captain America: The First Avenger,https://movie.douban.com/subject/2138838/
钢铁侠2 / Iron Man 2,https://movie.douban.com/subject/3066739/
无敌浩克 / The Incredible Hulk,https://movie.douban.com/subject/1866475/
钢铁侠 / Iron Man,https://movie.douban.com/subject/1432146/
小飞侠：幻梦启航 / Pan,https://movie.douban.com/subject/25772639/
美国队长3 / Captain America: Civil War,https://movie.douban.com/subject/25820460/
地球：神奇的一天 / Earth: One Amazing Day,https://movie.douban.com/subject/26647876/
世界奇妙物语 2018年春季特别篇 / 世にも奇妙な物語 ’18春の特別編,https://movie.douban.com/subject/30196755/
蚁人 / Ant-Man,https://movie.douban.com/subject/1866473/
海绵宝宝 / The SpongeBob Movie: Sponge Out of Water,https://movie.douban.com/subject/11808948/
哆啦A梦：大雄的南极冰冰凉大冒险 / ドラえもん のび太の南極カチコチ大冒険,https://movie.douban.com/subject/26839466/
远大前程 / Great Expectations,https://movie.douban.com/subject/1292557/
魔弦传说 / Kubo and the Two Strings,https://movie.douban.com/subject/26287884/
最爽的一天 / Der geilste Tag,https://movie.douban.com/subject/26680247/
舌尖上的新年,https://movie.douban.com/subject/25894885/
提着心吊着胆,https://movie.douban.com/subject/26808466/
暴雪将至,https://movie.douban.com/subject/26775933/
神探狗笨吉 / Benji,https://movie.douban.com/subject/26895438/
超人总动员 / The Incredibles,https://movie.douban.com/subject/1291577/
我说的都是真的,https://movie.douban.com/subject/26806316/
请以你的名字呼唤我 / Call Me by Your Name,https://movie.douban.com/subject/26799731/
幕后玩家,https://movie.douban.com/subject/26774033/
生化危机：复仇 / バイオハザード：ヴェンデッタ,https://movie.douban.com/subject/26876342/
雪宝的鼻子 / A snowman VS a reindeer,https://movie.douban.com/subject/25829829/
逃出绝命镇 / Get Out,https://movie.douban.com/subject/26688480/
不死劫 / Unbreakable,https://movie.douban.com/subject/1301711/
杰罗德游戏 / Gerald's Game,https://movie.douban.com/subject/26602795/
鸡皮疙瘩 / Goosebumps,https://movie.douban.com/subject/2364051/
闺蜜2,https://movie.douban.com/subject/25856453/
忽然七日 / Before I Fall,https://movie.douban.com/subject/5327217/
海洋深处 / In the Heart of the Sea,https://movie.douban.com/subject/3582181/
魔法老师 / Absolutely Anything,https://movie.douban.com/subject/5294432/
嫁给大山的女人,https://movie.douban.com/subject/4006302/
鬼打墙 / Enter Nowhere,https://movie.douban.com/subject/10466341/
邻家大贱谍 / Keeping Up with the Joneses,https://movie.douban.com/subject/25847558/
"爱你，罗茜 / Love, Rosie",https://movie.douban.com/subject/5153254/
海绵宝宝历险记 / The SpongeBob SquarePants Movie,https://movie.douban.com/subject/1309156/
龙虾刑警,https://movie.douban.com/subject/26992383/
遇见你真好,https://movie.douban.com/subject/26967920/
猛虫过江,https://movie.douban.com/subject/26818314/
摩天轮 / Wonder Wheel,https://movie.douban.com/subject/26822230/
三个老枪手 / Going in Style,https://movie.douban.com/subject/26266085/
降魔传,https://movie.douban.com/subject/22557335/
声之形 / 聲の形,https://movie.douban.com/subject/26264454/
"名侦探柯南：章节ONE 变小的名侦探 / 名探偵コナン エピソード ""ONE"" 小さくなった名探偵",https://movie.douban.com/subject/26877406/
宝贝老板 / The Boss Baby,https://movie.douban.com/subject/25907029/
天才少女 / Gifted,https://movie.douban.com/subject/26593587/
绝世高手,https://movie.douban.com/subject/26754831/
夜色人生 / Live by Night,https://movie.douban.com/subject/10752547/
乐高蝙蝠侠大电影 / The Lego Batman Movie,https://movie.douban.com/subject/26145033/
至爱梵高·星空之谜 / Loving Vincent,https://movie.douban.com/subject/25837262/
分裂 / Split,https://movie.douban.com/subject/26600660/
疾速追杀2 / John Wick: Chapter 2,https://movie.douban.com/subject/26333560/
茉莉牌局 / Molly's Game,https://movie.douban.com/subject/26704137/
春宵苦短，少女前进吧！ / 夜は短し歩けよ乙女,https://movie.douban.com/subject/26935251/
至暗时刻 / Darkest Hour,https://movie.douban.com/subject/26761416/
救命解药 / A Cure for Wellness,https://movie.douban.com/subject/26363201/
通勤营救 / The Commuter,https://movie.douban.com/subject/7056414/
龙之谷：破晓奇兵,https://movie.douban.com/subject/11443316/
死侍 / Deadpool,https://movie.douban.com/subject/3718279/
恐袭波士顿 / Patriots Day,https://movie.douban.com/subject/26357945/
第一夫人 / Jackie,https://movie.douban.com/subject/4849728/
超凡战队 / Power Rangers,https://movie.douban.com/subject/25881615/
神奇四侠2015 / Fantastic Four,https://movie.douban.com/subject/4014396/
伯德小姐 / Lady Bird,https://movie.douban.com/subject/26588314/
金矿 / Gold,https://movie.douban.com/subject/7065334/
太空救援 / Салют-7,https://movie.douban.com/subject/27073291/
狂兽 / 狂獸,https://movie.douban.com/subject/26747274/
饮湖上初晴后雨,https://movie.douban.com/subject/27142213/
亚瑟王：斗兽争霸 / King Arthur: Legend of the Sword,https://movie.douban.com/subject/25864124/
当怪物来敲门 / A Monster Calls,https://movie.douban.com/subject/25872311/
引爆者,https://movie.douban.com/subject/26897427/
硬核亨利 / Хардкор,https://movie.douban.com/subject/25706773/
王牌保镖 / The Hitman's Bodyguard,https://movie.douban.com/subject/22266126/
贼巢 / Den of Thieves,https://movie.douban.com/subject/3143727/
坂本龙一：终曲 / Ryuichi Sakamoto: CODA,https://movie.douban.com/subject/26984189/
鬼魅浮生 / A Ghost Story,https://movie.douban.com/subject/26920017/
洛克王国2：圣龙的心愿,https://movie.douban.com/subject/20443571/
迷镇凶案 / Suburbicon,https://movie.douban.com/subject/2133433/
美国行动 / American Made,https://movie.douban.com/subject/26304310/
反贪风暴3 / L風暴,https://movie.douban.com/subject/26996640/
黄金兄弟,https://movie.douban.com/subject/27069427/
不成问题的问题,https://movie.douban.com/subject/26657126/
勇往直前 / Only the Brave,https://movie.douban.com/subject/26718828/
缩小人生 / Downsizing,https://movie.douban.com/subject/3578939/
移动迷宫3：死亡解药 / Maze Runner: The Death Cure,https://movie.douban.com/subject/26004132/
欧洲攻略,https://movie.douban.com/subject/26351812/
极寒之城 / Atomic Blonde,https://movie.douban.com/subject/26386034/
与神同行：罪与罚 / 신과함께-죄와 벌,https://movie.douban.com/subject/11584016/
低压槽：欲望之城 / 低壓槽,https://movie.douban.com/subject/26924141/
意外空间 / El Incidente,https://movie.douban.com/subject/25936147/
的士速递5 / Taxi 5,https://movie.douban.com/subject/27615564/
恋爱回旋 / ミックス。,https://movie.douban.com/subject/26972275/
比得兔 / Peter Rabbit,https://movie.douban.com/subject/26649604/
光灵 / Bright,https://movie.douban.com/subject/26739551/
战犬瑞克斯 / Megan Leavey,https://movie.douban.com/subject/26610786/
哆啦A梦：大雄的金银岛 / ドラえもん のび太の宝島,https://movie.douban.com/subject/27069070/
塔利 / Tully,https://movie.douban.com/subject/26791452/
生存家族 / サバイバルファミリー,https://movie.douban.com/subject/26815162/
金蝉脱壳2：冥府 / Escape Plan 2: Hades,https://movie.douban.com/subject/26905469/
大师兄 / 大師兄,https://movie.douban.com/subject/27201353/
玛丽与魔女之花 / メアリと魔女の花,https://movie.douban.com/subject/26935777/
猎凶风河谷 / Wind River,https://movie.douban.com/subject/26389601/
巨齿鲨 / The Meg,https://movie.douban.com/subject/26426194/
风语咒,https://movie.douban.com/subject/30146756/
中邪,https://movie.douban.com/subject/26820833/
"我，花样女王 / I, Tonya",https://movie.douban.com/subject/26756049/
忍者蝙蝠侠 / Batman Ninja,https://movie.douban.com/subject/27160683/
虎胆追凶 / Death Wish,https://movie.douban.com/subject/3078549/
不留痕迹 / Leave No Trace,https://movie.douban.com/subject/26974993/
念念手纪 / 君の膵臓をたべたい,https://movie.douban.com/subject/26869119/
"喜欢，轻吻，快跑 / Plaire, aimer et courir vite",https://movie.douban.com/subject/26979199/
新乌龙院之笑闹江湖,https://movie.douban.com/subject/26309969/
肆式青春 / 詩季織々,https://movie.douban.com/subject/30156898/
包宝宝 / Bao,https://movie.douban.com/subject/30182729/
镰仓物语 / DESTINY 鎌倉ものがたり,https://movie.douban.com/subject/26916229/
印度合伙人 / Padman,https://movie.douban.com/subject/27198855/
精灵旅社3：疯狂假期 / Hotel Transylvania 3: Summer Vacation,https://movie.douban.com/subject/26630714/
名侦探柯南：零的执行人 / 名探偵コナン ゼロの執行人,https://movie.douban.com/subject/27110363/
宝贝儿,https://movie.douban.com/subject/27039069/
我的间谍前男友 / The Spy Who Dumped Me,https://movie.douban.com/subject/26999424/
印度暴徒 / Thugs of Hindostan,https://movie.douban.com/subject/27019982/
雪怪大冒险 / Smallfoot,https://movie.douban.com/subject/26944582/
昨日青空,https://movie.douban.com/subject/26290410/
地球最后的夜晚,https://movie.douban.com/subject/26633257/
武林怪兽,https://movie.douban.com/subject/26425062/
奎迪：英雄再起 / Creed II,https://movie.douban.com/subject/26707088/
叶问外传：张天志 / 葉問外傳：張天志,https://movie.douban.com/subject/26796664/
噩梦娃娃屋 / Ghostland,https://movie.douban.com/subject/27012731/
冷战 / Zimna wojna,https://movie.douban.com/subject/26894602/
罪人 / Den skyldige,https://movie.douban.com/subject/27615398/
阿德尔曼夫妇 / Monsieur & Madame Adelman,https://movie.douban.com/subject/26951692/
去年冬天与你分手 / 去年の冬、きみと別れ,https://movie.douban.com/subject/27102505/
鬼故事 / Ghost Stories,https://movie.douban.com/subject/26721644/
信笺故事 / The Tale,https://movie.douban.com/subject/26793852/
克里斯托弗·罗宾 / Christopher Robin,https://movie.douban.com/subject/26359235/
马斯顿教授与神奇女侠 / Professor Marston and the Wonder Women,https://movie.douban.com/subject/26965165/
妈妈咪呀2 / Mamma Mia! Here We Go Again,https://movie.douban.com/subject/27050259/
养家之人 / The Breadwinner,https://movie.douban.com/subject/26346327/
人生果实 / 人生フルーツ,https://movie.douban.com/subject/26874505/
小森林 / 리틀 포레스트,https://movie.douban.com/subject/26877492/
巴斯特·斯克鲁格斯的歌谣 / The Ballad of Buster Scruggs,https://movie.douban.com/subject/26952704/
上帝之国 / God's Own Country,https://movie.douban.com/subject/26781703/
祈祷落幕时 / 祈りの幕が下りる時,https://movie.douban.com/subject/27040737/
爱在记忆消逝前 / The Leisure Seeker,https://movie.douban.com/subject/3036465/
方形 / The Square,https://movie.douban.com/subject/26610229/
寄宿学校 / Boarding School,https://movie.douban.com/subject/30201003/
大坏狐狸的故事 / Le Grand Méchant Renard et autres contes...,https://movie.douban.com/subject/27042405/
嗝嗝老师 / Hichki,https://movie.douban.com/subject/30140571/
公牛历险记 / Ferdinand,https://movie.douban.com/subject/25846857/
特工 / 공작,https://movie.douban.com/subject/26683421/
与神同行2：因与缘 / 신과함께-인과 연,https://movie.douban.com/subject/27003543/
大象席地而坐,https://movie.douban.com/subject/27172891/
此房是我造 / The House That Jack Built,https://movie.douban.com/subject/26369884/
现在去见你 / 지금 만나러 갑니다,https://movie.douban.com/subject/27018285/
大世界,https://movie.douban.com/subject/26954003/
"爱你，西蒙 / Love, Simon",https://movie.douban.com/subject/26654498/
血观音 / 血觀音,https://movie.douban.com/subject/27113517/
暴裂无声,https://movie.douban.com/subject/26647117/
小偷家族 / 万引き家族,https://movie.douban.com/subject/27622447/
天气预爆,https://movie.douban.com/subject/26994789/
大黄蜂 / Bumblebee,https://movie.douban.com/subject/26394152/
以寡敌众 / Widows,https://movie.douban.com/subject/26268602/
掠食城市 / Mortal Engines,https://movie.douban.com/subject/4221462/
海王 / Aquaman,https://movie.douban.com/subject/3878007/
复仇者联盟4：终局之战 / Avengers: Endgame,https://movie.douban.com/subject/26100958/
蜘蛛侠：平行宇宙 / Spider-Man: Into the Spider-Verse,https://movie.douban.com/subject/26374197/
摄影机不要停！ / カメラを止めるな！,https://movie.douban.com/subject/30234315/
无敌破坏王2：大闹互联网 / Ralph Breaks the Internet,https://movie.douban.com/subject/20438964/
无名之辈,https://movie.douban.com/subject/27110296/
神奇动物：格林德沃之罪 / Fantastic Beasts: The Crimes of Grindelwald,https://movie.douban.com/subject/26147417/
你好，之华,https://movie.douban.com/subject/27615233/
狗十三,https://movie.douban.com/subject/25716096/
纸牌屋 第六季 / House of Cards Season 6,https://movie.douban.com/subject/27185590/
滴答屋 / The House with a Clock in its Walls,https://movie.douban.com/subject/10759740/
胡桃夹子和四个王国 / The Nutcracker And The Four Realms,https://movie.douban.com/subject/26741061/
月光光心慌慌 / Halloween,https://movie.douban.com/subject/4017146/
大轰炸,https://movie.douban.com/subject/26331700/
皇家酒店谋杀案 / Bad Times at the El Royale,https://movie.douban.com/subject/26992553/
登月第一人 / First Man,https://movie.douban.com/subject/3026559/
憨豆特工3 / Johnny English Strikes Again,https://movie.douban.com/subject/27073234/
找到你,https://movie.douban.com/subject/27140071/
一个明星的诞生 / A Star Is Born,https://movie.douban.com/subject/4058933/
幸福的拉扎罗 / Lazzaro felice,https://movie.douban.com/subject/27072795/
毒液：致命守护者 / Venom,https://movie.douban.com/subject/3168101/
李茶的姑妈,https://movie.douban.com/subject/27092785/
无双 / 無雙,https://movie.douban.com/subject/26425063/
解除好友2：暗网 / Unfriended: Dark Web,https://movie.douban.com/subject/26725678/
网络谜踪 / Searching,https://movie.douban.com/subject/27615441/
江湖儿女,https://movie.douban.com/subject/26972258/
惊奇队长 / Captain Marvel,https://movie.douban.com/subject/26213252/
铁血战士 / The Predator,https://movie.douban.com/subject/25917789/
修女 / The Nun,https://movie.douban.com/subject/26825664/
延禧攻略,https://movie.douban.com/subject/26999852/
摘金奇缘 / Crazy Rich Asians,https://movie.douban.com/subject/26786642/
快把我哥带走,https://movie.douban.com/subject/30122633/
升级 / Upgrade,https://movie.douban.com/subject/27093707/
一出好戏,https://movie.douban.com/subject/26985127/
碟中谍6：全面瓦解 / Mission: Impossible - Fallout,https://movie.douban.com/subject/26336252/
西虹市首富,https://movie.douban.com/subject/27605698/
狄仁杰之四大天王,https://movie.douban.com/subject/25882296/
波西米亚狂想曲 / Bohemian Rhapsody,https://movie.douban.com/subject/5300054/
摩天营救 / Skyscraper,https://movie.douban.com/subject/26804147/
邪不压正,https://movie.douban.com/subject/26366496/
蚁人2：黄蜂女现身 / Ant-Man and the Wasp,https://movie.douban.com/subject/26636712/
我不是药神,https://movie.douban.com/subject/26752088/
动物世界,https://movie.douban.com/subject/26925317/
超人总动员2 / Incredibles 2,https://movie.douban.com/subject/25849049/
遗传厄运 / Hereditary,https://movie.douban.com/subject/27621727/
瞒天过海：美人计 / Ocean's Eight,https://movie.douban.com/subject/26654269/
燃烧 / 버닝,https://movie.douban.com/subject/26842702/
侏罗纪世界2 / Jurassic World: Fallen Kingdom,https://movie.douban.com/subject/26416062/
影,https://movie.douban.com/subject/4864908/
无人知晓 / 誰も知らない,https://movie.douban.com/subject/1292337/
游侠索罗：星球大战外传 / Solo: A Star Wars Story,https://movie.douban.com/subject/25900947/
超时空同居,https://movie.douban.com/subject/27133303/
死侍2：我爱我家 / Deadpool 2,https://movie.douban.com/subject/26588308/
大佛普拉斯,https://movie.douban.com/subject/27059130/
后来的我们,https://movie.douban.com/subject/26683723/
西部世界 第二季 / Westworld Season 2,https://movie.douban.com/subject/26887174/
狂暴巨兽 / Rampage,https://movie.douban.com/subject/26430636/
寂静之地 / A Quiet Place,https://movie.douban.com/subject/26997663/
起跑线 / Hindi Medium,https://movie.douban.com/subject/26942631/
第三度嫌疑人 / 三度目の殺人,https://movie.douban.com/subject/26952153/
头号玩家 / Ready Player One,https://movie.douban.com/subject/4920389/
环太平洋：雷霆再起 / Pacific Rim: Uprising,https://movie.douban.com/subject/20435622/
水形物语 / The Shape of Water,https://movie.douban.com/subject/26752852/
湮灭 / Annihilation,https://movie.douban.com/subject/26384741/
古墓丽影：源起之战 / Tomb Raider,https://movie.douban.com/subject/3445906/
"三块广告牌 / Three Billboards Outside Ebbing, Missouri",https://movie.douban.com/subject/26611804/
华盛顿邮报 / The Post,https://movie.douban.com/subject/26990609/
黑豹 / Black Panther,https://movie.douban.com/subject/6390825/
捉妖记2,https://movie.douban.com/subject/26575103/
红海行动,https://movie.douban.com/subject/26861685/
唐人街探案2,https://movie.douban.com/subject/26698897/
西游记女儿国,https://movie.douban.com/subject/25829175/
甲方乙方,https://movie.douban.com/subject/1303173/
科洛弗悖论 / The Cloverfield Paradox,https://movie.douban.com/subject/21328095/
纯洁心灵·逐梦演艺圈,https://movie.douban.com/subject/26322774/
魅影缝匠 / Phantom Thread,https://movie.douban.com/subject/26809592/
灾难艺术家 / The Disaster Artist,https://movie.douban.com/subject/25944886/
金钱世界 / All the Money in the World,https://movie.douban.com/subject/26995719/
忌日快乐 / Happy Death Day,https://movie.douban.com/subject/27027913/
马戏之王 / The Greatest Showman,https://movie.douban.com/subject/3914513/
奇迹男孩 / Wonder,https://movie.douban.com/subject/26787574/
神秘巨星 / Secret Superstar,https://movie.douban.com/subject/26942674/
英雄本色2018,https://movie.douban.com/subject/26827040/
无问西东,https://movie.douban.com/subject/6874741/
勇敢者游戏：决战丛林 / Jumanji: Welcome to the Jungle,https://movie.douban.com/subject/26586766/
前任3：再见前任,https://movie.douban.com/subject/26662193/
妖铃铃,https://movie.douban.com/subject/26966580/
妖猫传,https://movie.douban.com/subject/5350027/
机器之血,https://movie.douban.com/subject/26729868/
星球大战8：最后的绝地武士 / Star Wars: The Last Jedi,https://movie.douban.com/subject/22265634/
芳华,https://movie.douban.com/subject/26862829/
帕丁顿熊2 / Paddington 2,https://movie.douban.com/subject/26340419/
复仇者联盟3：无限战争 / Avengers: Infinity War,https://movie.douban.com/subject/24773958/
嘉年华,https://movie.douban.com/subject/27019527/
寻梦环游记 / Coco,https://movie.douban.com/subject/20495023/
正义联盟 / Justice League,https://movie.douban.com/subject/2158490/
东方快车谋杀案 / Murder on the Orient Express,https://movie.douban.com/subject/25790761/
雷神3：诸神黄昏 / Thor: Ragnarok,https://movie.douban.com/subject/25821634/
王牌特工2：黄金圈 / Kingsman: The Golden Circle,https://movie.douban.com/subject/26378579/
全球风暴 / Geostorm,https://movie.douban.com/subject/22266012/
浪矢解忧杂货店 / ナミヤ雑貨店の奇蹟,https://movie.douban.com/subject/26742730/
大病 / The Big Sick,https://movie.douban.com/subject/26884892/
银翼杀手2049 / Blade Runner 2049,https://movie.douban.com/subject/10512661/
缝纫机乐队,https://movie.douban.com/subject/26926321/
追龙 / 追龍,https://movie.douban.com/subject/26425068/
羞羞的铁拳,https://movie.douban.com/subject/27038183/
英伦对决 / The Foreigner,https://movie.douban.com/subject/25723583/
小丑回魂 / It,https://movie.douban.com/subject/3604148/
赛车总动员3：极速挑战 / Cars 3,https://movie.douban.com/subject/25849480/
极盗车神 / Baby Driver,https://movie.douban.com/subject/25933890/
海边的曼彻斯特 / Manchester by the Sea,https://movie.douban.com/subject/25980443/
安娜贝尔2：诞生 / Annabelle: Creation,https://movie.douban.com/subject/26644205/
银魂 / 銀魂,https://movie.douban.com/subject/26816086/
黑暗塔 / The Dark Tower,https://movie.douban.com/subject/4943938/
战狼2,https://movie.douban.com/subject/26363254/
我的前半生,https://movie.douban.com/subject/26358696/
星际特工：千星之城 / Valérian and the City of a Thousand Planets,https://movie.douban.com/subject/11502973/
敦刻尔克 / Dunkirk,https://movie.douban.com/subject/26607693/
猩球崛起3：终极之战 / War for the Planet of the Apes,https://movie.douban.com/subject/25808075/
悟空传,https://movie.douban.com/subject/26035290/
蜘蛛侠：英雄归来 / Spider-Man: Homecoming,https://movie.douban.com/subject/24753477/
玉子 / 옥자,https://movie.douban.com/subject/26365236/
巴霍巴利王2：终结 / Baahubali 2: The Conclusion,https://movie.douban.com/subject/26420932/
战争天堂 / Рай,https://movie.douban.com/subject/26649041/
一念无明 / 一念無明,https://movie.douban.com/subject/26704590/
冈仁波齐,https://movie.douban.com/subject/26606242/
深夜食堂2 / 続・深夜食堂,https://movie.douban.com/subject/26798437/
杀不死,https://movie.douban.com/subject/26772013/
变形金刚5：最后的骑士 / Transformers: The Last Knight,https://movie.douban.com/subject/25824686/
神偷奶爸3 / Despicable Me 3,https://movie.douban.com/subject/25812712/
深夜食堂,https://movie.douban.com/subject/26411410/
麻烦家族,https://movie.douban.com/subject/26907450/
春娇救志明 / 春嬌救志明,https://movie.douban.com/subject/26639958/
记忆大师,https://movie.douban.com/subject/25884801/
猜火车2 / T2 Trainspotting,https://movie.douban.com/subject/22263645/
摔跤吧！爸爸 / Dangal,https://movie.douban.com/subject/26387939/
在这世界的角落 / この世界の片隅に,https://movie.douban.com/subject/11611021/
新木乃伊 / The Mummy,https://movie.douban.com/subject/20451290/
迷失Z城 / The Lost City of Z,https://movie.douban.com/subject/3025669/
神奇女侠 / Wonder Woman,https://movie.douban.com/subject/1578714/
加勒比海盗5：死无对证 / Pirates of the Caribbean: Dead Men Tell No Tales,https://movie.douban.com/subject/6311303/
欢乐颂2,https://movie.douban.com/subject/26743573/
异形：契约 / Alien: Covenant,https://movie.douban.com/subject/11803087/
银河护卫队2 / Guardians of the Galaxy Vol. 2,https://movie.douban.com/subject/25937854/
拆弹专家,https://movie.douban.com/subject/26748673/
速度与激情8 / The Fate of the Furious,https://movie.douban.com/subject/26260853/
攻壳机动队 / Ghost in the Shell,https://movie.douban.com/subject/25818101/
摆渡人,https://movie.douban.com/subject/25911694/
异星觉醒 / Life,https://movie.douban.com/subject/26718838/
美女与野兽 / Beauty and the Beast,https://movie.douban.com/subject/25900945/
金刚：骷髅岛 / Kong: Skull Island,https://movie.douban.com/subject/26309788/
金刚狼3：殊死一战 / Logan,https://movie.douban.com/subject/25765735/
降临 / Arrival,https://movie.douban.com/subject/21324900/
太空旅客 / Passengers,https://movie.douban.com/subject/3434070/
刺客信条 / Assassin's Creed,https://movie.douban.com/subject/11526817/
单身日记：好孕来袭 / Bridget Jones's Baby,https://movie.douban.com/subject/3868141/
比海更深 / 海よりもまだ深く,https://movie.douban.com/subject/26694988/
豪勇七蛟龙 / The Magnificent Seven,https://movie.douban.com/subject/10774184/
星球大战外传：侠盗一号 / Rogue One: A Star Wars Story,https://movie.douban.com/subject/25894431/
欢乐好声音 / Sing,https://movie.douban.com/subject/26354572/
爱乐之城 / La La Land,https://movie.douban.com/subject/25934014/
血战钢锯岭 / Hacksaw Ridge,https://movie.douban.com/subject/26325320/
赴汤蹈火 / Hell or High Water,https://movie.douban.com/subject/26389148/
夜行动物 / Nocturnal Animals,https://movie.douban.com/subject/26353372/
黑夜传说5：血战 / Underworld: Blood Wars,https://movie.douban.com/subject/19951149/
海洋奇缘 / Moana,https://movie.douban.com/subject/25793398/
神奇动物在哪里 / Fantastic Beasts and Where to Find Them,https://movie.douban.com/subject/25726614/
比利·林恩的中场战事 / Billy Lynn's Long Halftime Walk,https://movie.douban.com/subject/25983044/
奇异博士 / Doctor Strange,https://movie.douban.com/subject/3025375/
屏住呼吸 / Don't Breathe,https://movie.douban.com/subject/26704620/
侠探杰克：永不回头 / Jack Reacher: Never Go Back,https://movie.douban.com/subject/25789402/
咖啡公社 / Café Society,https://movie.douban.com/subject/26340522/
百日红 / 百日紅 ～Miss HOKUSAI～,https://movie.douban.com/subject/25872959/
她 / Elle,https://movie.douban.com/subject/26022182/
但丁密码 / Inferno,https://movie.douban.com/subject/24860318/
湄公河行动,https://movie.douban.com/subject/25815034/
深海浩劫 / Deepwater Horizon,https://movie.douban.com/subject/22266320/
追捕野蛮人 / Hunt for the Wilderpeople,https://movie.douban.com/subject/26411201/
使徒行者,https://movie.douban.com/subject/26336253/
釜山行 / 부산행,https://movie.douban.com/subject/25986180/
佩小姐的奇幻城堡 / Miss Peregrine's Home for Peculiar Children,https://movie.douban.com/subject/7051830/
隧道 / 터널,https://movie.douban.com/subject/26410594/
瑞士军刀男 / Swiss Army Man,https://movie.douban.com/subject/26437237/
逗鸟外传：萌宝满天飞 / Storks,https://movie.douban.com/subject/26374205/
你的名字。 / 君の名は。,https://movie.douban.com/subject/26683290/
萨利机长 / Sully,https://movie.douban.com/subject/26416603/
谍影重重5 / Jason Bourne,https://movie.douban.com/subject/26266072/
星际迷航3：超越星辰 / Star Trek Beyond,https://movie.douban.com/subject/22939161/
小姐 / 아가씨,https://movie.douban.com/subject/25977027/
自杀小队 / Suicide Squad,https://movie.douban.com/subject/3569910/
科洛弗道10号 / 10 Cloverfield Lane,https://movie.douban.com/subject/2977957/
奇幻森林 / The Jungle Book,https://movie.douban.com/subject/25777636/
索尔之子 / Saul fia,https://movie.douban.com/subject/26353881/
聚焦 / Spotlight,https://movie.douban.com/subject/25954475/
龙虾 / The Lobster,https://movie.douban.com/subject/20514947/
疯狂动物城 / Zootopia,https://movie.douban.com/subject/25662329/
蝙蝠侠大战超人：正义黎明 / Batman v Superman: Dawn of Justice,https://movie.douban.com/subject/24750534/
荒野猎人 / The Revenant,https://movie.douban.com/subject/5327268/
终结者：创世纪 / Terminator Genisys,https://movie.douban.com/subject/3338862/
编舟记 / 舟を編む,https://movie.douban.com/subject/11500954/
疯狂的麦克斯4：狂暴之路 / Mad Max: Fury Road,https://movie.douban.com/subject/3592854/
王牌特工：特工学院 / Kingsman: The Secret Service,https://movie.douban.com/subject/24405378/
岳父岳母真难当 / Qu'est-ce qu'on a fait au Bon Dieu?,https://movie.douban.com/subject/25867546/
复仇者联盟2：奥创纪元 / Avengers: Age of Ultron,https://movie.douban.com/subject/10741834/
何以笙箫默,https://movie.douban.com/subject/26259634/
地球之盐 / Le sel de la Terre,https://movie.douban.com/subject/10741871/
嫌疑人X的献身 / 容疑者Xの献身,https://movie.douban.com/subject/2369845/
沼泽地 / La isla mínima,https://movie.douban.com/subject/25892603/
利维坦 / Левиафан,https://movie.douban.com/subject/24525283/
万物理论 / The Theory of Everything,https://movie.douban.com/subject/24815950/
一步之遥,https://movie.douban.com/subject/6126442/
少年时代 / Boyhood,https://movie.douban.com/subject/2209575/
前目的地 / Predestination,https://movie.douban.com/subject/20278505/
东京家族 / 東京家族,https://movie.douban.com/subject/5996409/
法官老爹 / The Judge,https://movie.douban.com/subject/10546747/
超能陆战队 / Big Hero 6,https://movie.douban.com/subject/11026735/
社交网络 / The Social Network,https://movie.douban.com/subject/3205624/
唐山大地震,https://movie.douban.com/subject/3596502/
山楂树之恋,https://movie.douban.com/subject/4151110/
杀人回忆 / 살인의 추억,https://movie.douban.com/subject/1300299/
成事在人 / Invictus,https://movie.douban.com/subject/2136824/
影子写手 / The Ghost Writer,https://movie.douban.com/subject/3120852/
2012,https://movie.douban.com/subject/3005875/
斗牛,https://movie.douban.com/subject/4009651/
飞屋环游记 / Up,https://movie.douban.com/subject/2129039/
如果·爱,https://movie.douban.com/subject/1418070/
禁闭岛 / Shutter Island,https://movie.douban.com/subject/2334904/
谜一样的双眼 / El secreto de sus ojos,https://movie.douban.com/subject/4066125/
星际穿越 / Interstellar,https://movie.douban.com/subject/1889243/
超体 / Lucy,https://movie.douban.com/subject/24404677/
月球 / Moon,https://movie.douban.com/subject/3073124/
X战警：第一战 / X-Men: First Class,https://movie.douban.com/subject/3168089/
源代码 / Source Code,https://movie.douban.com/subject/3075287/
白丝带 / Das weiße Band – Eine deutsche Kindergeschichte,https://movie.douban.com/subject/2464346/
建党伟业,https://movie.douban.com/subject/4073898/
